Precinct,DallasCo_A,CONG_C2193,HOUSE_H231,SEN_S2168,SBOE_E2106,DallasCo_1,Shape_Leng,Shape_Area,Registered,Beckley Votes,Collier Votes,Total Votes,Collier Margin
1732,1,5,102,2,9,2,14516.95465,10753746.4,1446,35,14,77,-21
1004,1,32,102,16,9,3,16726.07944,16474411.08,1650,38,99,160,61
1733,1,5,102,2,9,2,20573.25285,27371862.66,3608,62,80,201,18
1006,1,24,108,16,9,3,15200.56796,11432544.38,1661,36,118,182,82
1727,1,5,107,2,9,2,9919.322487,3702659.113,242,4,5,11,1
1007,1,24,108,16,9,3,18012.44478,13353954.12,391,12,26,40,14
1702,1,5,107,2,9,2,30272.33313,37505218.94,2947,48,60,182,12
1039,1,32,102,16,9,3,5087.338646,1407893.512,299,11,10,28,-1
1713,1,5,107,2,9,2,18352.95037,15279426.34,1162,13,12,36,-1
1040,1,32,102,16,9,3,22436.17023,13912212.69,3005,65,98,216,33
1714,1,5,107,2,9,2,33302.65682,29819704.89,2066,27,36,91,9
1041,1,32,102,16,9,3,9974.894338,4117808.098,1000,10,9,27,-1
1719,1,5,107,2,9,2,42862.53688,22538545.35,2711,46,42,137,-4
1043,1,24,102,16,9,3,19626.34037,17102830.76,2319,54,121,211,67
1710,1,5,107,2,9,2,22315.6571,21955368.1,1638,39,27,118,-12
1044,1,24,108,16,9,3,20310.67981,18522469.87,2959,70,158,280,88
1700,1,5,107,2,9,2,21601.59081,28622218.24,2342,34,37,103,3
1045,1,32,114,16,9,3,17514.1899,11279462.32,2082,40,36,111,-4
1712,1,5,107,2,9,2,21430.65067,28074943.85,2214,42,55,134,13
1046,1,32,114,16,9,3,8589.46675,3467326.159,331,13,19,41,6
1708,1,5,107,2,9,2,20187.22796,18404210.31,732,15,24,59,9
1047,1,32,114,16,9,3,26010.1565,22686526.2,1491,44,53,136,9
1711,1,5,107,2,9,2,21472.47602,28772848.18,2310,27,30,89,3
1048,1,32,114,23,9,3,20001.36354,21505163.13,2703,101,239,410,138
1728,1,5,107,2,9,2,23460.13494,17814270.72,1449,26,29,75,3
1049,1,32,108,16,9,3,23916.34118,19452168.22,1925,48,111,183,63
1726,1,5,107,2,9,2,25230.95233,32927497.07,1905,41,41,115,0
1050,1,32,114,23,13,3,10044.72961,4461958.19,162,8,15,25,7
1725,1,5,107,2,9,2,11132.84477,6004179.334,505,18,20,50,2
1051,1,32,114,23,9,3,28398.88597,16578583.89,211,10,17,40,7
1701,1,5,107,2,9,2,26072.38861,34119135.09,2151,39,28,116,-11
1052,1,32,114,23,9,3,28167.88586,28632787.29,3462,157,272,525,115
1718,1,5,107,2,9,2,24669.66335,16218760.2,1570,41,31,97,-10
1054,1,32,107,16,13,3,16373.65634,14289285.76,1623,37,43,110,6
1720,1,5,107,2,9,2,26905.80396,25517737.06,2785,79,75,237,-4
1055,1,32,107,16,13,3,18084.27608,15607864.91,884,15,18,43,3
1311,1,5,107,16,13,2,31203.94516,49330539.98,2288,30,57,130,27
1056,1,32,107,16,13,2,13937.1151,9921913.923,1052,26,38,85,12
1312,1,5,107,16,13,2,16127.71131,14305298.44,1090,20,10,51,-10
1057,1,32,107,16,13,2,19036.61245,17253707.19,2061,50,73,167,23
1310,1,5,107,16,13,2,30875.4459,39795820.27,2954,48,37,145,-11
1058,1,32,114,16,13,3,20852.56827,19871654.96,2090,86,112,261,26
1304,1,5,107,16,13,2,17304.77688,17711155.76,1570,45,29,105,-16
1059,1,32,114,23,13,3,31083.84548,26441706.89,1676,50,142,236,92
1301,1,5,107,16,13,2,24745.12092,22964405.43,2587,64,37,154,-27
1060,1,32,114,23,13,3,36998.19357,43859275.51,4288,162,513,799,351
1305,1,5,107,16,13,2,28827.83136,31156405.9,1686,24,23,75,-1
1061,1,32,114,23,13,3,14594.04086,12988869,1429,64,170,267,106
1315,1,5,107,16,13,2,6404.274907,1749754.093,50,1,0,2,-1
1062,1,32,107,16,13,2,4939.087686,370260.7646,44,1,0,1,-1
1300,1,5,107,16,13,2,26431.00745,26223236.25,2721,42,34,145,-8
1063,1,32,107,16,13,2,21449.38706,16058636.66,1730,27,33,92,6
1308,1,5,107,16,13,2,22878.90993,26754634.38,1962,41,27,105,-14
1064,1,32,100,23,13,2,4705.574011,1015751.973,155,7,5,13,-2
1323,1,5,107,23,13,2,7183.38274,2801086.057,0,0,0,0,0
1065,1,32,100,23,13,2,31791.22322,25865429.55,2975,71,60,204,-11
1734,1,5,112,2,9,2,22662.6261,14852407.51,1438,18,35,72,17
1067,1,32,107,16,13,2,2210.355503,184239.5138,10,1,2,3,1
1735,1,5,112,2,9,2,43195.03334,64151484.14,4865,101,133,337,32
1068,1,32,107,16,13,2,8865.581611,886285.1987,64,3,2,6,-1
1716,1,5,112,2,9,2,21577.6214,23343422.84,2178,47,86,180,39
1076,1,32,100,16,13,5,6074.398357,1795954.571,0,0,0,0,0
1736,1,5,112,2,9,2,26213.22451,40589493.27,1825,39,74,159,35
1077,1,32,100,23,13,3,7273.228488,1815784.033,0,0,0,0,0
1737,1,5,112,2,9,2,40469.14591,80207366.48,4845,90,139,306,49
1078,1,32,100,23,13,3,23584.01815,19360753.47,1266,40,33,97,-7
1738,1,5,112,2,9,2,47964.46162,32617766.88,3155,55,62,171,7
1079,1,32,100,23,13,3,26205.00853,14205040.36,1932,79,105,237,26
1739,1,5,113,2,9,2,17786.67729,17902796.52,2950,61,63,205,2
1080,1,32,100,23,13,3,15443.78286,6838486.057,1007,26,21,62,-5
1709,1,5,113,2,9,2,29481.07522,51942536.25,3686,79,76,246,-3
1081,1,32,100,23,13,5,24427.61827,23755291.64,2973,167,213,497,46
1740,1,5,113,2,9,2,34425.95788,66527511.77,4494,117,85,304,-32
1082,1,32,114,23,13,5,18150.85486,20135939.59,316,5,5,14,0
1741,1,5,113,2,9,2,33538.38947,67246699.23,4933,130,126,423,-4
1083,1,30,114,23,13,5,27000.92767,31485946.22,1809,44,60,154,16
1742,1,5,113,2,9,2,47746.29363,75929273.15,4726,127,106,381,-21
1084,1,32,100,23,13,5,27748.38482,28671987.75,3379,205,233,636,28
1324,1,5,113,2,9,2,24238.49371,25963017.13,2909,64,92,228,28
1085,1,30,114,23,13,5,16988.33849,15309231.47,1418,27,23,67,-4
1717,1,5,113,2,9,2,25428.75453,32731848.37,3381,59,68,204,9
1086,1,32,100,23,13,5,17525.22144,4135510.875,563,15,24,45,9
1722,1,5,113,2,9,2,28629.80834,30403917.32,3092,85,57,218,-28
1087,1,32,100,23,13,5,32942.85132,48711907.99,3359,180,187,540,7
1723,1,5,113,2,9,2,7837.796938,3762845.597,215,1,6,11,5
1088,1,32,100,23,13,5,33423.32496,35196458.26,2263,36,55,138,19
1325,1,5,113,2,9,2,21774.91745,23509206.93,2782,60,81,199,21
1089,1,32,100,23,13,5,26799.48367,24490209.64,2242,82,72,228,-10
1743,1,5,113,2,9,2,40818.14416,43970551.66,4235,115,96,343,-19
1090,1,30,100,16,13,5,23362.99027,30744108.4,2345,69,64,192,-5
1744,1,5,113,2,9,2,33300.99938,9955290.592,86,0,1,1,1
1091,1,32,100,23,13,5,27975.1427,24614450.77,2306,70,55,186,-15
1721,1,5,113,2,9,2,23693.75567,23697842.43,2128,45,71,163,26
1092,1,32,100,23,13,5,28261.32685,34536165.74,3753,97,74,255,-23
1745,1,5,113,2,9,2,18907.77382,19152803.77,2725,48,62,174,14
1093,1,32,107,23,13,5,14437.75291,11257269.42,1753,64,54,171,-10
1715,1,5,113,2,9,2,21035.52325,19099581,1693,20,15,54,-5
1094,1,30,110,23,13,5,15508.51662,13259763.9,1354,52,30,121,-22
1729,1,5,113,2,9,2,20043.3939,17479030.96,1651,28,30,84,2
1095,1,30,110,16,13,5,15773.60145,13080547.91,1514,47,32,117,-15
1746,1,5,113,2,9,2,21287.65666,23024380.66,1838,41,46,134,5
1096,1,30,110,16,13,5,16313.87971,15010604.45,1483,34,25,85,-9
1747,1,5,113,2,9,2,32855.04085,69492901.12,2882,67,63,204,-4
1097,1,32,110,16,13,5,26224.49172,33382699.38,2718,67,61,214,-6
1724,1,5,113,2,9,2,12695.67639,4049458.226,118,4,0,6,-4
1098,1,32,107,16,13,5,22621.15048,22503203.05,2155,70,49,171,-21
1139,1,5,113,2,9,2,1291.949705,45018.72688,0,0,0,0,0
1099,1,32,110,16,13,5,11056.31595,1194219.115,79,1,1,4,0
1326,1,5,113,2,9,2,18713.17791,20553926.12,1453,28,31,84,3
1100,1,30,110,23,13,1,28024.9211,31288368.36,3146,114,71,275,-43
1302,1,5,113,2,9,2,34165.97069,41362939.51,2466,58,33,146,-25
1101,1,30,110,16,13,5,34325.50781,41938337.92,1779,26,25,79,-1
1327,1,5,113,16,9,2,22410.05851,30316411.55,2960,61,58,198,-3
1102,1,30,110,16,13,5,23668.10179,30504367.16,2081,39,22,97,-17
1316,1,5,113,16,13,2,13150.0434,8586998.161,919,9,14,37,5
1103,1,30,107,16,13,5,17594.88419,11659021.84,523,20,10,46,-10
1104,1,32,107,16,13,5,23120.73288,29633933.94,2726,72,45,187,-27
1141,1,24,108,16,9,3,13442.15139,8862092.316,1269,34,62,114,28
1105,1,32,110,16,13,5,11166.17836,1136407.646,40,1,3,5,2
1142,1,24,108,16,9,3,21342.45285,19653442.43,2757,41,170,237,129
1106,1,32,107,16,13,5,7778.390422,2406598.385,236,9,4,16,-5
1107,1,32,110,16,13,5,25094.67349,24238066.31,860,20,15,48,-5
1128,1,24,108,16,9,3,11414.49775,7073549.321,694,12,40,60,28
1108,1,30,110,16,13,5,32567.05755,54423082.31,2676,80,54,209,-26
1143,1,24,108,16,9,3,24385.12525,21122584.8,1507,31,102,155,71
1109,1,30,110,16,13,1,24455.5669,25821102.89,568,9,7,22,-2
1144,1,24,108,16,9,3,22229.84165,21804219.35,3062,63,145,253,82
1110,1,32,110,16,13,5,4162.929078,835178.1561,30,1,0,1,-1
1111,1,30,110,16,13,1,39815.68558,70583433.78,1574,31,18,71,-13
1113,1,30,100,23,13,5,42323.24341,78630756.89,264,9,10,24,1
1146,1,24,108,16,9,3,18263.00117,16100692.4,2219,40,108,185,68
1114,1,32,100,23,13,5,21296.56174,14398132.51,777,20,16,46,-4
1147,1,24,108,16,9,3,10054.82913,4950273.191,775,15,40,65,25
1115,1,32,107,16,13,3,16298.49774,12955629.1,1455,38,56,121,18
1116,1,32,107,16,13,2,18803.68321,14321587.16,1508,39,28,97,-11
1121,1,32,107,16,13,3,24280.20436,24102142.02,2390,49,47,143,-2
1148,1,30,100,23,13,5,806.2029459,13047.1312,0,0,0,0,0
1124,1,30,110,16,13,1,5644.24202,1188474.324,0,0,0,0,0
1125,1,32,107,16,13,2,20597.40091,26849274.64,2184,50,39,119,-11
1129,1,32,114,16,9,3,3855.932392,828343.846,158,2,5,10,3
1133,1,32,114,23,13,3,14347.92896,5311181.719,355,12,28,52,16
1134,1,32,100,23,13,5,17983.45472,12404789.67,559,16,10,38,-6
1135,1,32,107,16,13,5,17321.97352,14334511.28,1647,61,43,153,-18
1136,1,30,110,16,13,1,5967.083355,1472968.152,0,0,0,0,0
1137,1,32,107,16,13,3,2190.069633,239256.1436,37,0,0,3,0
1140,1,30,110,23,13,1,1342.567318,87980.26417,0,0,0,0,0
1151,1,32,100,16,13,2,3604.285966,551662.8099,67,1,5,7,4
1153,1,32,100,16,13,5,2609.082321,372353.222,0,0,0,0,0
1159,1,32,107,16,13,5,2007.361805,131548.8881,0,0,0,0,0
1162,1,32,108,16,9,3,8305.678102,283629.9021,0,0,0,0,0
1163,1,32,108,16,9,3,15515.97143,11286859.98,1398,42,114,171,72
1164,1,32,108,16,9,3,21227.77133,19109380.12,2357,48,157,230,109
1165,1,32,108,16,9,3,18663.63064,16781033.86,2042,45,156,235,111
1168,1,32,114,16,9,3,33414.73686,33862745.81,2969,86,267,394,181
1169,1,32,114,16,9,3,48752.84222,58501810.29,2915,77,255,374,178
1170,1,32,114,16,9,3,17010.75139,16537328.29,1436,35,136,201,101
1171,1,32,114,16,9,3,20154.84048,18835927.3,2528,80,201,348,121
1172,1,32,114,16,9,3,30322.69869,21600353.7,2056,78,138,266,60
1173,1,32,114,23,9,3,30750.67875,26243976.78,1014,61,119,215,58
1174,1,32,114,23,9,3,33333.74939,39323597.2,2583,120,259,455,139
1176,1,32,114,23,13,2,2385.051683,48036.608,0,0,0,0,0
1705,1,32,102,2,9,2,19862.96583,13008507.06,2053,50,47,137,-3
1748,1,32,102,2,9,2,17198.09261,15875588.49,2156,49,60,146,11
1303,1,32,107,23,13,2,7114.336862,2727604.342,158,3,0,4,-3
1749,1,32,102,2,9,2,34323.7936,37011852.71,3889,76,68,238,-8
1707,1,32,102,2,9,2,58472.34572,117656516.9,838,10,3,15,-7
1706,1,32,102,2,9,2,21315.74015,28249400.5,3168,41,27,113,-14
1307,1,32,107,23,13,2,19990.03265,13346462.01,241,4,3,11,-1
1704,1,32,102,2,9,2,16466.05213,10349221.94,1469,38,24,91,-14
1750,1,32,102,2,9,2,21138.90556,27108868.41,3044,54,113,231,59
1309,1,32,107,23,13,2,10177.66526,4280799.186,445,5,0,14,-5
1703,1,32,102,2,9,2,21460.36191,29173239.75,3271,46,62,164,16
1313,1,32,107,16,13,2,8674.792434,2277727.028,382,14,9,37,-5
1314,1,32,107,16,13,2,29743.99112,41398023.1,2457,58,33,138,-25
1328,1,32,107,16,13,2,25997.10221,36282373.43,0,0,0,0,0
1329,1,32,107,16,13,2,9300.66353,3571572.487,0,0,0,0,0
1401,1,32,110,16,13,2,15294.5664,12686179.23,407,1,5,11,4
1402,1,32,110,16,13,2,37936.26655,56268296.86,2569,60,51,164,-9
1403,1,32,110,16,13,2,11170.87062,1870305.448,0,0,0,0,0
1404,1,32,110,16,9,2,22110.62248,19150760.67,667,22,28,75,6
1405,1,32,110,16,13,2,14798.11298,11177909.7,523,8,5,15,-3
1406,1,32,110,16,9,2,22961.26929,10999682.26,416,21,15,59,-6
1407,1,32,110,16,13,2,11411.12216,785583.0556,0,0,0,0,0
1408,1,32,110,16,13,2,5738.5819,439145.178,0,0,0,0,0
1409,1,32,110,16,13,2,24860.47118,18564942.74,721,24,5,44,-19
1410,1,32,110,16,13,2,26389.24804,41764767.72,2153,54,48,147,-6
1411,1,32,110,16,9,2,38409.98802,51839625.38,3435,83,74,230,-9
1412,1,32,110,16,13,2,37003.59058,26024739.28,399,5,5,21,0
1751,1,32,112,2,9,2,46472.12641,77490067.6,5150,124,187,414,63
1752,1,32,112,2,9,2,22719.17649,23610649.8,3331,77,97,255,20
1730,1,32,114,16,9,2,10399.57247,1129486.155,0,0,0,0,0
1731,1,32,114,16,9,2,7090.339087,967440.2664,0,0,0,0,0
2076,2,6,103,12,13,5,16721.62154,16290144.86,0,0,0,0,0
2000,2,6,103,16,13,5,7823.015152,2547994.744,13,0,0,1,0
2001,2,33,103,12,12,5,6754.594422,672038.5625,29,1,1,2,0
2606,2,6,115,16,11,4,34008.8758,52007886.82,2361,46,39,130,-7
2002,2,24,103,12,12,5,15070.49742,13242981.64,1344,57,95,177,38
2080,2,24,102,12,12,3,6516.251388,2436007.687,272,5,5,12,0
2003,2,24,108,12,12,5,22311.0779,26785093.54,2722,87,173,318,86
2090,2,24,102,12,12,3,5442.304426,1096523.54,62,2,5,7,3
2004,2,24,108,12,12,5,25286.8585,26615608.95,2086,40,132,207,92
2091,2,24,102,12,12,3,14785.81318,8605317.238,970,21,40,79,19
2005,2,33,108,12,12,5,14938.89534,11341312.18,1030,38,83,159,45
2058,2,24,102,12,12,3,16512.53803,13610185.69,1166,35,62,119,27
2006,2,24,108,12,12,5,21222.56832,18324052.42,1538,41,96,162,55
2092,2,24,102,16,9,3,10071.71455,4160180.206,0,0,0,0,0
2007,2,24,108,12,12,5,34950.37007,38539153.91,3071,66,164,261,98
2008,2,24,108,12,12,5,26554.20365,30126870.19,1465,23,111,148,88
2306,2,24,103,12,12,5,17121.69312,16798116.2,1421,40,42,112,2
2009,2,33,108,16,12,5,19587.59814,17222899.9,2051,67,185,287,118
2310,2,24,103,12,14,5,24779.09941,23616753.42,2211,68,69,167,1
2010,2,24,108,16,12,5,22928.10754,21094126.86,1507,45,94,165,49
2313,2,24,103,12,14,5,29794.5626,28165703.46,0,0,0,0,0
2011,2,24,108,12,12,5,27009.12245,37733561.3,2133,45,135,193,90
2407,2,24,103,12,14,4,32876.45495,53993411.88,4205,110,77,268,-33
2015,2,24,108,12,12,3,16522.65906,10732765.48,1189,20,75,106,55
2016,2,24,108,12,12,3,35684.15959,46008883.41,3473,69,275,378,206
2017,2,32,102,16,12,3,12442.18516,8289854.266,1844,43,33,108,-10
2220,2,24,108,12,12,3,16745.56126,13471774.67,1835,14,48,69,34
2018,2,24,108,12,12,3,15851.01297,13089625.35,931,12,64,91,52
2202,2,24,108,12,12,3,27199.49249,18150781.53,1924,20,73,108,53
2019,2,24,108,12,12,3,21243.02423,26805469.72,1775,44,134,191,90
2224,2,24,108,12,12,3,19602.66162,13659955.27,2000,13,60,88,47
2020,2,32,102,16,12,3,31352.49692,26755938.15,2537,102,204,349,102
2030,2,24,108,12,12,3,20404.33633,13282646.85,2188,19,69,106,50
2021,2,24,108,16,12,3,24591.54456,36604751.21,3640,54,189,277,135
2052,2,24,108,12,12,3,30831.0095,23426395,1407,22,90,120,68
2022,2,24,108,16,12,3,14206.64842,9651867.47,761,15,71,98,56
2023,2,24,108,16,12,3,14571.47329,7065607.865,1287,39,76,135,37
2024,2,24,108,16,12,3,15394.63803,12601996.55,1755,44,109,180,65
2025,2,24,108,12,12,3,19707.58284,24519017.43,2763,38,172,251,134
2077,2,24,108,12,12,3,17487.48204,14235349.72,1366,32,78,131,46
2026,2,24,108,12,12,3,27832.48897,26964597.22,3003,54,128,203,74
2027,2,24,108,12,12,3,15374.66359,13639686.07,1624,25,83,127,58
2028,2,33,103,12,14,5,16081.59549,10634295.18,0,0,0,0,0
2203,2,24,108,12,12,3,19892.60671,15831980.36,1626,26,53,87,27
2221,2,24,108,12,12,3,21155.65142,17701880.83,3570,20,125,158,105
2031,2,32,114,16,9,3,21693.10469,14167091.73,4026,96,129,292,33
2200,2,24,108,12,12,3,18090.57241,11752246.48,1860,13,62,79,49
2032,2,32,114,16,9,3,10733.85771,6642414.501,2317,56,58,168,2
2201,2,24,108,12,12,3,28157.45555,16819666.18,1899,19,63,93,44
2033,2,32,108,16,9,3,11103.23182,6706800.094,2162,64,97,200,33
2035,2,32,108,16,9,3,16124.1787,9211130.554,2017,53,70,154,17
2037,2,24,108,16,13,3,10842.15692,3846394.353,1411,11,28,47,17
2038,2,32,114,16,13,3,20748.45427,19412804.31,3384,93,248,385,155
2057,2,24,108,12,12,3,12277.51695,7887419.086,569,10,41,56,31
2039,2,32,108,16,9,3,18429.80857,17239856.29,2978,110,181,340,71
2040,2,32,108,16,9,3,15805.11216,13062488.69,1719,39,130,199,91
2225,2,24,108,12,12,3,19967.6102,16470967.07,1762,14,61,84,47
2041,2,32,112,12,12,3,31224.80245,51449930.95,4575,104,158,344,54
2042,2,32,112,2,12,3,25229.29198,26210604.02,3034,83,203,329,120
2043,2,32,112,2,12,3,19709.98025,18142478.77,2111,62,121,211,59
2222,2,24,108,12,12,3,22902.74516,16920775.72,3071,26,105,150,79
2044,2,32,112,2,12,3,12374.00013,9571277.029,1101,22,73,113,51
2226,2,24,108,12,12,3,16588.87613,14545187.16,2901,33,86,139,53
2045,2,32,112,2,12,3,16313.75446,13172087.5,1940,67,134,229,67
2223,2,24,108,12,12,3,21490.52527,10162300.5,1632,20,88,120,68
2046,2,24,112,2,12,3,16194.3764,14368976.82,1799,49,121,195,72
2056,2,24,108,12,12,3,25084.29337,33261011.54,1376,31,84,136,53
2047,2,24,112,2,12,3,16502.12803,15986915.67,2414,66,116,227,50
2094,2,24,108,16,9,3,32783.35565,24096860.7,951,17,22,60,5
2048,2,32,115,12,12,3,27066.53075,24917718.37,4385,115,98,298,-17
2095,2,24,108,16,9,3,950.3488275,54049.01658,0,0,0,0,0
2049,2,24,112,12,12,3,17510.18339,10639666.52,1599,41,101,176,60
2050,2,24,112,12,12,3,18834.72314,12796031.28,1696,40,98,163,58
2051,2,24,112,12,12,3,18910.37448,22525188.3,2510,51,152,240,101
2053,2,32,115,12,12,3,18232.50217,16765807.67,2861,69,50,173,-19
2054,2,32,115,12,12,3,12348.92297,8934922.661,2801,64,52,169,-12
2055,2,32,115,12,12,3,15648.37431,13085515.67,1603,37,34,95,-3
2109,2,24,108,16,13,5,461.2227496,10461.03032,4,1,1,3,0
2504,2,24,112,2,12,3,15596.12268,12263452.39,1422,38,61,117,23
2074,2,33,115,12,14,4,36428.4315,73535850.8,1221,29,17,69,-12
2515,2,24,112,2,12,3,12050.07367,7202430.409,800,25,33,73,8
2079,2,32,115,12,12,3,9649.399425,5400622.5,2071,39,45,124,6
2503,2,24,112,16,12,3,19791.84509,22519901.15,2637,47,127,217,80
2081,2,32,114,23,13,5,17336.30723,12682171.08,789,21,23,60,2
2500,2,24,112,16,12,3,17981.02061,13930992.44,1718,52,89,170,37
2082,2,32,114,23,13,5,18514.7027,17930776.1,2955,106,159,317,53
2506,2,24,112,16,12,3,21564.7891,24132795.33,2272,42,121,210,79
2083,2,32,114,23,13,5,15469.81925,8705892.954,1696,54,71,154,17
2507,2,24,112,16,12,3,22532.65661,23514351.1,2199,51,111,197,60
2084,2,32,114,23,13,1,6637.809109,1620666.744,523,17,7,36,-10
2607,2,24,115,12,11,4,30453.13597,53243246.64,0,0,0,0,0
2085,2,32,114,23,13,5,4192.832412,746989.3579,281,8,10,23,2
2608,2,24,115,12,11,4,25451.81876,38160000.8,3162,79,93,212,14
2086,2,32,114,23,13,3,17977.83845,13172151.1,2942,108,190,366,82
2609,2,24,115,12,11,4,32764.79462,31090344.99,14,1,0,1,-1
2087,2,32,114,23,13,3,16299.08702,16069168.1,2774,110,221,397,111
2905,2,24,115,12,12,3,11733.28718,8160403.99,515,15,27,46,12
2307,2,24,115,12,12,5,13780.11373,6523629.909,720,26,30,70,4
2315,2,24,115,12,12,5,19256.17904,15419349.99,174,3,2,8,-1
2316,2,24,115,12,12,5,18154.99755,17148578.01,1844,30,59,113,29
2900,2,24,115,12,12,3,28769.66672,34360332.85,3327,81,142,283,61
2096,2,24,115,12,12,3,4922.78103,270047.5579,0,0,0,0,0
2412,2,24,115,12,12,4,9668.088836,5399734.838,0,0,0,0,0
2097,2,30,100,23,13,1,776.3453829,31612.08444,0,0,0,0,0
2098,2,30,103,16,13,5,10015.12727,5106343.741,1675,55,101,181,46
2904,2,24,115,12,12,3,22091.17128,12395737.62,0,0,0,0,0
2099,2,30,103,16,13,5,15926.68087,11700467.51,3791,146,276,511,130
2401,2,24,115,12,14,4,36755.26947,61140735.43,3407,135,136,331,1
2400,2,24,115,12,14,4,99054.21523,204983528.2,190,7,4,11,-3
2100,2,30,103,23,13,5,15206.78769,7445145.256,3660,91,172,347,81
2405,2,24,115,12,14,4,22195.16095,25534252.97,3360,117,98,261,-19
2101,2,30,114,16,13,5,8949.977276,5094291.967,1648,44,70,140,26
2801,2,24,115,12,14,4,28576.24371,37341366.22,3423,79,86,218,7
2102,2,30,114,16,13,5,13654.02933,9541638.035,4630,74,156,277,82
2910,2,24,115,12,14,4,7242.874743,1805780.135,0,0,0,0,0
2103,2,30,114,23,13,5,16785.3868,11907668.62,1141,39,33,91,-6
2807,2,24,115,12,14,4,42010.40945,26141496.45,2534,49,61,147,12
2104,2,30,114,23,13,1,8455.414549,3258949.1,465,8,14,29,6
2800,2,24,115,12,14,4,27519.52442,35264497.32,0,0,0,0,0
2105,2,30,114,23,13,1,15747.92626,12908934.93,2599,108,127,312,19
2804,2,24,115,12,14,4,21905.20585,21462745.21,2532,64,66,175,2
2106,2,30,114,23,13,1,19976.84284,18781051.16,1933,50,53,133,3
2809,2,24,115,12,14,4,36083.00649,43204946.7,3102,68,81,220,13
2107,2,30,114,23,13,1,3757.957567,583269.3687,44,1,2,7,1
2810,2,24,115,12,14,4,57409.53555,103060522.7,0,0,0,0,0
2108,2,32,102,12,12,3,11417.11032,5488625.15,802,14,24,44,10
2301,2,24,115,12,14,5,25456.43109,36936212.26,2405,74,98,204,24
2808,2,24,115,12,14,4,29416.88051,40816791.45,3277,53,69,176,16
2110,2,30,100,23,13,5,10975.96815,6779013.743,568,17,6,35,-11
2806,2,24,115,12,14,4,18944.06355,18936707.45,2528,48,86,160,38
2111,2,30,103,23,13,5,1570.880869,154554.1572,0,0,0,0,0
2805,2,24,115,12,14,4,26739.85577,36128234.68,4278,87,122,262,35
2112,2,30,103,23,13,5,1804.125089,195049.1337,120,5,1,8,-4
2802,2,24,115,12,14,4,35578.90099,44941817.44,4629,97,92,240,-5
2113,2,30,103,23,13,5,1792.403142,198835.0941,0,0,0,0,0
2803,2,24,115,12,14,4,16401.08265,11802772.24,1325,31,48,99,17
2114,2,30,108,16,13,5,18495.075,10608332.25,2526,92,272,410,180
2911,2,24,115,12,14,4,10241.19515,3605706.529,303,3,3,9,0
2115,2,30,108,23,13,5,11743.5605,4909591.22,274,5,16,27,11
2303,2,24,115,12,14,5,21819.70911,27102073.5,2574,83,52,184,-31
2116,2,30,108,23,13,5,2437.042426,339062.2976,159,2,8,13,6
2117,2,30,114,23,13,1,12727.21758,6030165.759,2015,39,57,142,18
2118,2,32,100,23,13,5,27738.52822,26551494.63,1414,42,20,100,-22
2119,2,32,102,12,12,3,9299.212676,3965067.879,371,6,6,14,0
2120,2,32,102,16,9,3,19597.78023,20972185.08,2402,61,75,186,14
2121,2,32,102,16,9,3,11143.43117,4945178.342,1366,26,18,61,-8
2122,2,32,102,16,9,3,13923.96411,10039906.64,1600,44,45,126,1
2123,2,32,102,16,9,3,48855.98166,48461541.56,1797,34,40,99,6
2124,2,32,102,16,9,3,42188.21786,61236605.23,2742,52,38,130,-14
2125,2,32,102,16,9,3,25458.53809,34992400.78,3424,90,122,297,32
2126,2,32,102,16,9,3,10982.71802,2848065.728,643,30,40,83,10
2127,2,32,102,16,9,3,25327.53069,24208237.9,3918,97,128,316,31
2128,2,32,102,16,9,3,20927.52975,24173745.26,2426,97,156,325,59
2129,2,32,102,16,12,3,10162.60838,5219713.382,717,15,8,32,-7
2130,2,32,102,16,12,3,16156.5051,12329393.84,1637,29,20,71,-9
2131,2,32,102,16,12,3,10400.5811,3604954.12,1844,34,35,102,1
2132,2,32,102,16,12,3,11855.75509,5887220.155,850,20,19,57,-1
2133,2,32,108,12,12,3,9139.170504,3630546.313,161,4,5,12,1
2134,2,32,108,16,9,3,20921.94274,10624855.29,1310,34,57,115,23
2137,2,32,114,16,9,3,8286.372717,3466603.202,1410,28,26,70,-2
2138,2,32,114,16,9,3,16738.10295,13142672.01,872,22,17,53,-5
2511,2,32,102,2,12,3,16073.72542,14376249.96,2095,57,88,186,31
2139,2,32,114,16,9,3,13532.92926,7300930.334,880,19,10,44,-9
2140,2,32,114,16,9,3,8403.507471,3738013.645,1019,18,12,45,-6
2141,2,32,114,16,9,3,14887.77953,6322482.234,853,11,27,60,16
2517,2,32,102,16,9,3,28541.4172,18034725.66,2694,76,69,194,-7
2142,2,32,114,16,9,3,14927.67693,10273712.07,1264,32,29,85,-3
2143,2,32,114,16,12,3,9051.171152,4058890.008,444,9,8,24,-1
2144,2,32,114,23,13,3,13737.42406,7016700.869,1588,47,82,158,35
2145,2,32,114,23,13,5,13009.29465,8037032.467,3274,54,76,177,22
2518,2,32,102,16,9,3,16801.64996,12476852.28,1930,76,94,213,18
2146,2,32,114,23,13,5,16562.77822,12687507.8,2722,54,45,159,-9
2147,2,32,114,23,13,3,14286.15967,10416784.87,2007,74,138,263,64
2148,2,32,114,23,13,5,7834.203056,3529556.15,832,17,42,86,25
2149,2,32,114,23,13,3,26111.64547,19252252.56,1843,45,145,244,100
2150,2,32,114,23,13,5,20233.97583,15505659.82,1520,33,43,91,10
2151,2,32,114,23,13,5,6717.251109,2341795.87,266,5,10,18,5
2152,2,32,114,23,13,5,17748.41871,10176089.58,2098,37,46,114,9
2513,2,32,102,16,9,3,20657.74507,26412457.15,2805,74,98,225,24
2153,2,32,114,23,13,5,12994.34726,8144573.429,1565,33,67,128,34
2154,2,32,114,23,13,5,3515.479417,745486.9341,47,1,2,4,1
2155,2,32,114,23,13,3,18837.23504,15773132.21,2192,83,208,333,125
2514,2,32,102,16,12,3,20468.20587,23215055.23,2809,85,116,254,31
2519,2,32,102,16,12,3,17535.26911,18120768.56,2426,70,101,228,31
2520,2,32,102,16,12,3,31467.66311,36765213.53,3636,103,137,305,34
2521,2,32,102,16,12,3,20678.50121,19132246.05,2241,68,114,230,46
2512,2,32,102,16,12,3,16180.7531,14828930.85,1500,38,59,125,21
2300,2,33,103,12,14,5,15689.54171,10067631.27,1425,32,32,102,0
2302,2,33,103,12,14,5,27032.49353,25436275.36,2021,34,37,94,3
2305,2,32,115,12,12,5,32457.48616,47096204.12,2259,50,33,126,-17
2501,2,32,112,2,12,3,16811.31131,13751470.29,1389,37,71,123,34
2508,2,32,112,2,12,3,55216.38744,109591047.3,3677,93,74,242,-19
2308,2,33,103,12,14,5,43694.84692,46554556.54,1859,40,34,107,-6
2309,2,33,103,12,13,5,23125.44809,26095156.38,2085,41,22,101,-19
2505,2,32,112,2,12,3,22921.17036,16373196.13,2237,63,82,174,19
2311,2,33,103,12,14,5,9999.819504,4872946.706,589,7,5,19,-2
2502,2,32,112,2,12,3,20806.7137,18749399.06,1872,40,83,139,43
2312,2,33,103,12,14,5,10126.87265,4117026.915,72,0,0,1,0
2510,2,32,112,2,12,3,19367.24387,15402298.01,1855,52,84,177,32
2509,2,32,112,2,12,3,23910.09755,33806643.53,2935,81,154,270,73
2523,2,32,112,16,12,3,18133.79034,17963058.93,1103,28,33,87,5
2402,2,32,115,12,14,4,37275.31637,57639479.29,3272,107,74,225,-33
2403,2,32,115,12,12,4,14030.17473,10005653.22,0,0,0,0,0
2404,2,32,115,12,14,4,18189.20598,19246957.36,2147,55,39,125,-16
2406,2,32,115,12,12,4,29386.05899,44834509.53,3379,118,84,263,-34
2408,2,33,103,12,14,4,23038.36562,24011463.22,1881,49,28,109,-21
2409,2,33,103,12,14,4,23039.45226,21780634.22,2303,48,30,112,-18
2410,2,32,115,12,12,4,13929.47602,8419952.442,1728,53,32,109,-21
2411,2,33,103,12,14,4,15479.17132,11125538.55,793,6,11,23,5
2417,2,32,115,12,14,4,10642.24474,4101410.871,218,7,5,14,-2
2913,2,32,115,12,12,3,29268.65863,26970489.51,0,0,0,0,0
2903,2,32,115,12,12,3,15557.40721,13069102.88,3000,68,61,177,-7
2601,2,33,115,12,14,4,16337.46893,11726417.17,2050,57,49,141,-8
2602,2,33,115,12,14,4,23191.54953,23253683.5,3185,67,69,213,2
2603,2,33,115,12,14,4,38826.08881,35954308.98,3251,60,52,176,-8
2604,2,33,115,12,14,4,44742.33329,37651814.82,3036,82,71,231,-11
2605,2,33,115,12,14,4,28233.54666,19784509.51,2766,35,26,89,-9
2902,2,32,115,12,12,3,22532.5497,20183769.11,2041,49,46,127,-3
2901,2,32,115,12,14,3,10127.00401,6015191.66,1941,34,30,91,-4
2610,2,33,103,12,14,4,6940.542155,1816910.405,0,0,0,0,0
2611,2,33,115,12,11,4,33280.40463,28511634.46,1690,29,32,93,3
2612,2,33,115,12,11,4,5357.586148,1769844.654,436,10,4,18,-6
2613,2,33,115,12,11,4,31579.89272,54864942.17,4065,88,79,236,-9
2614,2,33,115,12,11,4,16681.29032,10413319.67,168,4,4,8,0
3307,3,5,107,16,9,2,26805.32442,32578454.81,2107,32,32,85,0
3000,3,30,108,16,13,1,13176.19632,9529004.003,4208,41,112,187,71
3306,3,5,107,16,9,2,23808.53439,24798338.16,1887,34,20,90,-14
3001,3,30,111,23,13,1,14831.51773,7165311.22,547,14,12,40,-2
3921,3,5,109,2,9,1,73101.91062,228511165.9,5260,101,74,287,-27
3002,3,33,111,23,13,1,20629.49315,18295232.6,1030,32,18,71,-14
3920,3,5,109,2,9,1,150697.9086,789129688.9,2576,38,35,118,-3
3003,3,30,111,23,13,1,21047.26425,22582402.33,1829,116,122,364,6
3319,3,5,109,16,9,2,8036.827343,943279.8907,121,9,4,17,-5
3004,3,30,111,23,13,1,21970.09856,25632646.35,1975,133,163,419,30
3321,3,5,110,16,9,2,1452.915899,88175.35601,0,0,0,0,0
3005,3,30,100,23,13,5,6742.987903,1652155.135,719,7,8,23,1
3500,3,5,112,2,9,2,59358.79387,155003301.3,3737,61,87,208,26
3006,3,30,108,23,13,1,18377.7009,6974546.508,4509,54,96,189,42
3967,3,5,112,2,9,2,24929.06025,37070747.28,1497,34,41,106,7
3007,3,30,108,23,13,1,24325.421,7819800.178,1659,12,33,69,21
3501,3,5,112,2,9,2,41844.33571,79008144.49,0,0,0,0,0
3008,3,30,114,23,13,1,20781.43999,14712051.4,3595,23,18,56,-5
3980,3,5,112,2,9,2,25744.76064,35353049.78,3722,51,52,162,1
3009,3,30,100,23,13,1,19648.06365,14741315.99,0,0,0,0,0
3981,3,5,112,2,9,2,24484.67863,28929978.81,1662,23,32,72,9
3010,3,33,104,23,13,1,12468.0001,8314139.326,514,29,27,84,-2
3969,3,5,112,2,9,2,27389.41289,38282457.92,2919,54,69,180,15
3011,3,30,100,23,13,1,9865.829893,2872550.982,1087,17,33,66,16
3970,3,5,112,2,9,2,48931.17614,89674470.47,3481,63,96,226,33
3012,3,30,110,23,13,1,49006.48241,102478629.9,169,6,4,14,-2
3964,3,5,112,2,9,2,51665.87973,88971887.67,2241,53,47,147,-6
3013,3,30,110,16,9,1,46545.53754,102913922.3,918,22,12,50,-10
3971,3,5,112,2,9,2,26401.62777,30974841.05,3139,51,57,167,6
3014,3,30,110,16,9,1,49086.26783,78856590.87,2827,45,33,127,-12
3702,3,5,112,2,9,2,59863.64072,123752745.2,0,0,0,0,0
3015,3,30,110,16,9,1,28359.46406,27113490.83,292,9,1,11,-8
3968,3,5,112,2,9,2,32340.20418,42286451.43,3817,104,80,284,-24
3016,3,30,100,23,13,1,39754.10637,44760425.47,1842,49,69,178,20
3960,3,5,112,2,9,2,40792.55299,64086852.21,3559,92,57,230,-35
3017,3,30,100,23,13,1,16349.06317,14978880.91,840,26,22,69,-4
3701,3,5,112,2,9,2,57271.15662,20938491.89,0,0,0,0,0
3018,3,30,100,23,13,1,22360.62263,18481148.86,1813,94,56,244,-38
3982,3,5,112,2,9,2,72208.72806,166720891.8,3389,35,60,146,25
3019,3,30,100,23,13,1,15343.30562,10131797.01,863,29,21,78,-8
3961,3,5,112,2,9,2,48430.96779,47298254.39,2716,67,55,197,-12
3020,3,30,100,23,13,5,19920.39491,19485873.73,223,6,8,20,2
3966,3,5,113,2,9,2,24856.02634,36159717.79,3767,79,82,264,3
3021,3,30,100,23,13,1,14972.34619,11612233.97,1090,30,21,78,-9
3305,3,5,113,2,9,2,33259.02164,57948151.9,4188,109,85,293,-24
3022,3,30,100,23,13,1,20972.37611,24344666.36,1989,53,33,129,-20
3304,3,5,113,2,9,2,38198.84864,43087487.72,3000,64,70,206,6
3023,3,30,100,23,13,1,15728.44995,10278714.67,1312,57,49,149,-8
3962,3,5,113,2,9,2,50558.26884,114307725,4925,112,98,346,-14
3024,3,30,100,23,13,1,19580.15643,14743809.99,1589,71,40,156,-31
3318,3,5,113,16,9,2,22987.69172,21673104.48,1594,55,50,181,-5
3025,3,30,100,23,13,1,14848.20062,5947759.394,180,4,3,11,-1
3309,3,5,113,16,9,2,30530.16854,27491020.78,2101,50,53,156,3
3026,3,30,100,23,13,1,22976.34003,19837944.23,874,32,20,77,-12
3310,3,5,113,16,9,2,25134.86861,31038484.24,2954,53,41,152,-12
3027,3,30,100,23,13,1,26343.42213,15002725.44,1335,62,36,144,-26
3311,3,5,113,16,9,2,24731.113,19798750.25,2471,41,31,112,-10
3028,3,30,100,23,13,1,13685.02267,8553070.253,984,45,27,113,-18
3312,3,5,113,16,9,2,21379.92677,29620251.34,3249,101,92,300,-9
3029,3,30,100,23,13,1,18114.50888,13430131.32,910,29,17,73,-12
3317,3,5,113,16,9,2,69770.56941,190444953.6,2215,100,70,282,-30
3030,3,30,110,16,13,1,23637.96949,15241754.47,13,0,0,1,0
3325,3,5,113,16,9,2,61154.47597,105606410,1899,66,73,215,7
3031,3,30,110,16,9,1,30777.97228,34501200.71,824,14,9,40,-5
3315,3,5,113,16,9,2,20542.70904,15021087.43,1749,27,24,77,-3
3032,3,33,104,23,13,5,14304.24572,11729421.68,1270,25,24,81,-1
3316,3,5,113,16,9,2,31150.77997,29455985.65,2869,72,69,232,-3
3033,3,30,100,23,13,5,21858.5268,22558934.95,487,13,5,32,-8
3034,3,30,100,23,13,1,14526.49617,13002520.76,1452,81,45,191,-36
3035,3,30,100,23,13,1,25155.01621,23695422.18,1588,61,40,157,-21
3036,3,30,100,23,13,1,27023.74213,18503162.63,32,1,0,1,-1
3094,3,30,100,23,13,5,11369.19983,7675518.115,0,0,0,0,0
3037,3,30,100,23,13,1,16622.65867,6487404.488,434,19,15,49,-4
3038,3,30,100,23,13,1,24602.79468,19716574.25,826,58,63,176,5
3039,3,30,110,23,13,1,26653.54542,26552271.97,2099,142,89,345,-53
3040,3,30,100,23,13,1,42569.81404,70104881.68,1475,38,43,111,5
3041,3,33,111,23,13,5,8713.3085,3749745.439,213,6,5,15,-1
3042,3,30,110,23,13,1,13943.04632,11853615.1,1519,60,45,147,-15
3043,3,30,110,23,13,1,16695.3554,18312289.23,2008,82,55,195,-27
3044,3,30,110,23,13,1,29957.96923,28881131.49,2720,108,59,263,-49
3045,3,30,100,23,13,1,43547.01975,63871709.33,645,31,27,82,-4
3046,3,30,111,23,13,1,21251.67548,27584963.26,2334,121,131,394,10
3047,3,30,111,23,13,1,20284.14386,24569901.63,1907,78,53,196,-25
3048,3,30,110,23,13,1,20116.81963,21578945.58,2390,116,80,314,-36
3049,3,30,110,23,13,1,19934.76027,14041529.69,1928,119,81,285,-38
3050,3,30,110,23,13,1,24984.71223,22392432.96,1923,64,44,167,-20
3051,3,30,110,23,13,1,15710.67565,14422411.95,843,37,25,95,-12
3052,3,30,110,23,13,1,23673.92119,22227694.62,2670,119,74,281,-45
3053,3,30,111,23,13,1,29098.58936,47050162.29,2723,87,58,218,-29
3054,3,30,111,23,13,1,19449.60517,17141594.68,2539,235,221,663,-14
3055,3,30,111,23,13,1,23080.66137,28305782.08,2194,205,209,624,4
3056,3,30,111,23,13,1,23260.85446,22147112.96,2215,189,183,614,-6
3057,3,30,111,23,13,1,24176.67234,30650895.25,2602,160,138,440,-22
3058,3,30,110,23,13,1,27672.7982,41760203.83,2109,160,123,423,-37
3084,3,30,103,23,13,5,15809.56222,14057225.45,1241,45,38,131,-7
3059,3,30,110,23,13,1,18246.3127,15433178.56,1203,80,70,239,-10
3060,3,30,110,23,13,1,20498.57612,11406160.7,1432,104,83,290,-21
3061,3,30,110,23,13,1,29471.79774,34265726.79,1640,70,45,168,-25
3086,3,30,108,16,13,1,10204.50599,5057670.988,4062,57,111,202,54
3062,3,30,110,23,13,1,38119.50271,62975976.77,3083,109,74,259,-35
3081,3,30,108,23,13,5,8427.256501,3340058.753,1638,34,95,151,61
3063,3,30,111,23,13,1,28483.2484,35250311.51,3810,178,138,501,-40
3089,3,30,108,23,13,5,6080.082044,1233221.801,97,0,2,2,2
3064,3,30,111,23,13,1,23554.57324,33883546.72,2466,198,157,546,-41
3065,3,30,111,23,13,1,16056.72215,14561107.08,2326,130,98,345,-32
3066,3,30,111,23,13,1,24574.14176,22873047.04,2066,108,77,295,-31
3922,3,30,109,16,9,1,5084.168248,1147841.798,90,4,2,8,-2
3067,3,30,111,23,13,1,46410.24812,68986368.26,2825,80,42,186,-38
3068,3,30,109,23,13,1,51912.65896,95557853.65,3873,216,150,564,-66
3069,3,30,110,23,13,1,28877.35185,23976824.3,1819,105,72,255,-33
3083,3,30,109,16,13,1,71345.38572,152905186.4,1323,35,21,80,-14
3070,3,30,110,23,13,1,25747.26632,22438285.93,3101,175,108,422,-67
3806,3,30,109,23,13,1,16834.62575,8596443.571,1060,71,55,188,-16
3071,3,30,110,23,13,1,31083.75358,58078176.12,2518,165,119,467,-46
3610,3,30,109,23,13,4,12746.87976,8349475.511,563,17,19,59,2
3072,3,30,110,23,13,1,61166.57853,91305938.1,73,1,5,7,4
3073,3,30,110,23,13,1,8977.186499,2268885.379,191,9,9,33,0
3100,3,30,109,23,13,4,40210.77708,96660039.56,2353,162,110,390,-52
3074,3,30,111,23,13,1,17638.44055,17808802.08,798,15,7,28,-8
3604,3,30,109,23,13,4,22562.4183,27602965.6,2824,173,214,560,41
3075,3,30,109,23,13,1,68648.82168,168903917,197,13,7,28,-6
3611,3,30,109,23,13,1,19137.00567,17345046.54,1147,62,55,173,-7
3076,3,30,109,23,13,1,42851.85418,36748732.39,0,0,0,0,0
3800,3,30,109,23,13,1,59171.63237,103974989,4686,340,203,845,-137
3077,3,30,111,23,13,1,55244.1556,60105211.29,3153,163,145,471,-18
3078,3,30,111,23,13,1,19743.33525,18725144.02,2985,152,94,378,-58
3079,3,30,110,16,9,1,25993.74873,17852138.81,665,16,4,41,-12
3080,3,30,110,16,9,1,29942.68041,43244512.87,1324,43,31,110,-12
3082,3,30,110,23,13,1,78408.00097,213537164.3,3096,120,63,280,-57
3617,3,30,109,23,13,1,25935.2207,20127530.13,2628,170,141,494,-29
3101,3,30,109,23,13,1,42427.28433,57776234.07,860,58,43,154,-15
3613,3,30,109,23,13,1,14732.64045,8559892.619,722,28,34,89,6
3085,3,30,110,16,13,1,81634.82487,180241460.3,399,4,2,7,-2
3614,3,30,109,23,13,1,18924.29484,8486842.317,958,52,49,157,-3
3110,3,30,109,23,13,4,23288.32695,26901230.47,3103,188,153,573,-35
3087,3,30,110,23,13,1,2410.401349,61373.18522,0,0,0,0,0
3112,3,30,109,23,13,4,11674.20367,1972562.932,41,1,4,9,3
3088,3,33,111,23,13,1,4212.358354,795141.6036,46,6,4,10,-2
3113,3,30,109,23,13,4,3254.755497,234051.0054,5,0,0,1,0
3605,3,30,109,23,13,1,21029.8563,27578372.99,2308,113,104,359,-9
3090,3,30,114,23,13,1,6128.105814,1993506.216,1558,40,41,119,1
3107,3,30,109,23,13,4,25993.69041,37993023.16,2589,167,134,461,-33
3091,3,30,114,23,13,1,1250.22611,69120.88338,0,0,0,0,0
3803,3,30,109,23,13,1,35864.98137,52658393.09,3713,247,152,591,-95
3092,3,30,111,23,13,1,37942.09542,75795959.62,1649,70,70,221,0
3609,3,30,109,23,13,4,40784.39945,47220630.17,3393,207,220,661,13
3093,3,30,110,16,13,1,14144.82171,3603526.388,0,0,0,0,0
3801,3,30,109,23,13,1,36914.588,43616097.27,545,15,7,30,-8
3106,3,30,109,23,13,4,45715.60564,95231663.4,3727,171,142,498,-29
3095,3,30,114,23,13,1,18079.53057,14154681,2413,61,85,198,24
3612,3,30,109,23,13,1,34318.40581,41584613.49,3176,219,234,723,15
3096,3,30,114,23,13,1,22628.00726,10624895.11,3066,84,110,262,26
3619,3,30,109,23,13,1,16604.71336,15473314.48,327,6,2,11,-4
3097,3,30,110,23,13,1,11060.4777,4016205.012,158,9,10,32,1
3807,3,30,109,23,13,1,39398.45892,42132347.9,2569,169,125,450,-44
3098,3,30,110,23,13,1,11028.76512,3226445.795,257,19,8,34,-11
3805,3,30,109,23,13,1,45004.87445,59012949.79,5058,335,237,871,-98
3099,3,30,110,23,13,1,10098.8352,5612686.779,322,14,22,47,8
3900,3,30,109,23,13,1,35765.35675,73088241.53,3383,158,122,436,-36
3615,3,30,109,23,13,1,32217.2509,36949367.22,2632,183,153,514,-30
3809,3,30,109,23,13,1,41090.55425,64755429.87,384,15,19,53,4
3802,3,30,109,23,13,1,28192.40777,42660585.21,4112,273,181,678,-92
3950,3,30,109,23,13,1,96293.70454,319021397.7,2474,93,63,233,-30
3808,3,30,109,23,13,1,132770.3435,542699999.1,4260,199,141,526,-58
3940,3,30,109,23,13,1,206434.4202,1270775305,2584,84,47,192,-37
3102,3,30,109,23,13,4,25793.32375,35809957.61,3119,126,93,350,-33
3108,3,30,109,23,13,4,81217.80475,190249256.4,2514,71,91,247,20
3103,3,30,109,23,13,4,38704.34327,47191145.03,3107,183,146,518,-37
3115,3,30,109,23,13,4,34678.6412,37129284.38,2332,134,123,376,-11
3104,3,30,109,23,13,4,19117.36578,20519570.12,2710,139,115,407,-24
3105,3,30,109,23,13,4,38589.29488,56169497.28,2509,117,152,389,35
3109,3,30,109,23,13,4,67107.55412,215152058.5,3791,156,162,468,6
3111,3,30,109,23,13,4,25346.47764,15691689.17,0,0,0,0,0
3114,3,30,109,23,13,4,6947.245037,427499.0644,0,0,0,0,0
3116,3,32,100,23,13,5,3594.840244,353160.3216,9,0,1,1,1
3117,3,30,100,23,13,1,9488.34362,2255352.245,33,1,1,2,0
3119,3,30,111,23,13,4,4449.399835,249916.9403,0,0,0,0,0
3200,3,30,111,23,13,1,23353.87758,32683008.57,2214,118,134,385,16
3201,3,30,111,23,13,1,23908.67233,24969838.9,1781,65,70,198,5
3202,3,30,111,23,13,1,28743.48007,38140311.97,2202,136,122,372,-14
3203,3,30,111,23,13,1,23818.44827,27238018.39,2033,100,73,278,-27
3204,3,30,111,23,13,1,24002.61815,32418394.93,2676,93,60,230,-33
3205,3,30,111,23,13,1,20673.89637,16320257.73,1842,115,70,283,-45
3206,3,30,111,23,13,1,24591.29084,31044136.98,2378,96,96,300,0
3207,3,30,111,23,13,1,20872.38138,27368070.03,2824,95,63,236,-32
3208,3,30,111,23,13,1,19866.70767,18195374.82,1980,66,48,183,-18
3209,3,30,111,23,13,1,13001.77741,8360206.243,191,4,6,20,2
3210,3,30,111,23,13,1,23372.11455,32660850.78,2158,74,64,209,-10
3211,3,30,111,23,13,1,19913.91048,22814285.88,1392,30,19,64,-11
3607,3,30,111,23,13,4,31636.4354,52204236.02,3936,307,360,1025,53
3308,3,32,107,16,9,2,39242.14189,46308572.62,2332,48,34,128,-14
3600,3,30,111,23,13,1,60222.25633,109498177.2,2430,161,136,460,-25
3313,3,5,113,16,9,2,22718.59152,28860070.07,3450,130,119,383,-11
3314,3,32,113,16,9,2,37994.4089,76905270,3504,102,113,347,11
3620,3,30,111,23,13,4,21179.43979,27812553.1,1380,97,102,322,5
3327,3,32,113,16,9,2,7691.157028,1709703.289,6,0,2,2,2
3328,3,32,113,16,9,2,3148.723616,586206.2022,40,1,0,3,-1
3503,3,5,112,2,9,2,63823.18316,201985085.1,1280,19,38,79,19
3504,3,5,112,2,9,2,54478.16346,109356846.2,804,14,10,36,-4
3601,3,30,111,23,13,4,23814.77454,30925999.19,2034,182,225,566,43
3602,3,30,111,23,13,4,19441.94352,18380223.58,651,58,83,199,25
3603,3,30,111,23,13,4,16937.52744,9119621.584,270,26,37,82,11
3616,3,30,111,23,13,1,17219.00334,14250569.89,725,46,40,131,-6
3608,3,30,111,23,13,4,21043.08255,27668003.83,3335,252,282,825,30
3606,3,30,111,23,13,1,33694.36098,26280245.65,2531,162,188,539,26
3618,3,30,111,23,13,1,21642.19635,20957042.01,604,48,46,143,-2
3952,3,30,111,23,13,1,15268.75188,6753293.602,140,7,6,21,-1
3621,3,30,111,23,13,1,10399.45035,5269227.834,714,52,41,141,-11
4664,4,6,103,16,11,4,34121.75147,57000883.41,960,19,16,51,-3
3951,3,30,109,23,13,1,35890.95938,60754702.27,3122,173,137,484,-36
4617,4,6,103,16,13,4,7490.917201,2986368.242,184,7,4,12,-3
4663,4,6,103,16,13,4,22018.23386,23762881.6,0,0,0,0,0
4000,4,6,103,16,13,5,77616.24388,149125146.2,534,10,2,18,-8
4665,4,6,104,16,13,4,4545.63044,595634.9045,0,0,0,0,0
3963,3,5,112,2,9,2,27658.51614,27307189.83,2461,44,51,149,7
4514,4,6,104,16,13,4,26388.02405,35233480,1438,32,23,72,-9
4518,4,6,104,16,13,4,66452.46509,187338213.9,2119,38,27,106,-11
3965,3,5,112,2,9,2,23021.21247,25514685.48,3352,68,64,200,-4
4517,4,6,104,16,13,4,34487.32831,64045781.01,3164,61,74,200,13
4512,4,6,104,23,13,4,21995.80978,17832170.51,1393,16,11,33,-5
4511,4,6,104,23,13,4,21507.63763,22980867.63,2018,17,18,55,1
4513,4,6,104,23,13,4,24903.32793,37687755.44,2929,37,39,103,2
4625,4,6,105,16,11,4,19353.97208,16476779.09,2114,34,64,121,30
4619,4,6,105,16,11,4,19534.89776,15202310.15,1316,27,31,76,4
4629,4,6,105,16,11,4,14464.4545,9669522.468,1397,18,17,58,-1
4641,4,6,105,16,11,4,7991.395843,3645011.826,2802,59,50,154,-9
4630,4,6,105,16,11,4,22568.15604,11700191.08,1572,27,43,90,16
4620,4,6,105,16,11,4,19914.99383,20851333.7,1710,32,35,93,3
3983,3,5,112,2,9,2,20277.59032,21174946.91,2298,45,47,126,2
4634,4,6,105,16,11,4,43103.62651,75614413.96,3927,65,74,190,9
3984,3,5,112,2,9,2,17917.44289,18717502.85,1455,24,31,79,7
4627,4,6,105,16,11,4,32620.35428,29987242.25,4416,87,85,247,-2
4667,4,6,105,16,11,4,14828.03906,989970.5832,0,0,0,0,0
4001,4,33,103,16,13,5,51818.60984,87023074.49,1275,39,27,106,-12
4626,4,6,105,16,11,4,30041.53949,33621120.64,2801,46,79,165,33
4002,4,33,103,16,13,5,22283.28723,10168316.95,1034,37,84,151,47
4003,4,33,103,16,13,5,18719.5644,14816300.51,447,2,1,5,-1
4658,4,6,105,16,11,4,5816.121331,826630.1843,96,2,2,5,0
4004,4,33,103,16,13,5,17112.71876,14767053.99,1774,58,50,158,-8
4631,4,6,105,16,11,4,15611.5797,9982844.265,1224,22,29,80,7
4005,4,33,103,12,12,5,9650.661732,5711070.766,983,33,27,83,-6
4624,4,6,105,16,11,4,18289.83733,16477742.91,1668,18,45,77,27
4006,4,33,103,16,12,5,15158.40236,11398089.23,1315,40,84,146,44
4614,4,6,105,16,11,4,10589.90209,6063022.367,530,9,9,22,0
4007,4,33,103,16,12,5,5274.029027,1377086.935,197,5,17,26,12
4659,4,6,105,16,11,4,11582.66225,4089259.185,237,6,6,15,0
4008,4,33,103,16,13,5,20449.62848,19806012.43,785,12,4,20,-8
4622,4,6,105,16,11,4,22083.35201,22446646.32,2005,36,46,122,10
4009,4,33,103,16,13,5,15738.72799,12075484.29,1592,26,14,68,-12
4623,4,6,105,16,11,4,20191.62911,24945473.41,2545,36,49,119,13
4010,4,33,103,16,13,5,13322.37997,10454695.16,1351,55,91,180,36
4618,4,6,105,16,11,4,14111.14265,9206998.34,471,8,7,19,-1
4011,4,33,103,16,13,5,10967.20475,6316101.741,872,15,17,58,2
4660,4,6,105,16,11,4,2639.344468,300565.7925,40,1,0,1,-1
4012,4,33,103,16,13,5,4068.737819,804178.4775,92,5,2,9,-3
4642,4,6,105,16,11,4,7483.86345,2334581.905,547,14,13,36,-1
4013,4,24,108,16,12,5,6686.475664,2559147.791,317,9,19,33,10
4606,4,6,105,16,13,4,21345.813,24198066.82,2938,27,45,116,18
4014,4,24,108,12,12,5,32451.99326,23367405.92,2017,37,137,204,100
4601,4,6,105,16,13,4,24708.10854,34332791.19,3933,74,69,193,-5
4015,4,30,103,16,13,5,15496.9663,11727301.09,1703,79,83,251,4
4602,4,6,105,16,13,4,27683.26008,28034635.44,2088,33,32,95,-1
4016,4,30,103,16,13,5,14150.27501,11912016.89,1708,95,93,261,-2
4611,4,6,105,16,13,4,33916.77809,23220649.29,1783,23,33,73,10
4017,4,30,103,16,12,5,8815.509595,4039120.796,463,16,40,72,24
4653,4,6,105,16,13,4,5539.667379,1926613.768,0,0,0,0,0
4018,4,30,108,16,12,5,15667.6925,6249418.185,1164,40,79,129,39
4600,4,6,105,16,13,4,30152.6918,50172593.2,2467,47,42,123,-5
4019,4,30,103,23,13,5,35139.85268,49778749.52,2721,97,71,254,-26
4612,4,6,105,16,13,4,10143.36707,3084085.944,328,4,4,10,0
4020,4,30,103,16,13,5,14296.87869,5497348.068,1161,29,22,70,-7
4649,4,6,105,16,13,4,3917.968174,877548.4971,2250,50,49,154,-1
4021,4,30,103,16,13,5,19748.47977,9254467.389,2702,94,200,362,106
4655,4,6,105,16,13,4,3041.98823,360496.9538,0,0,0,0,0
4022,4,30,103,23,13,5,13879.30575,11428278,1399,35,42,110,7
4654,4,6,105,16,13,4,22433.09984,13605151.46,1235,25,13,55,-12
4023,4,30,100,23,13,5,26200.20764,17699176.04,0,0,0,0,0
4610,4,6,105,16,13,4,24616.6094,25282032.08,2356,55,54,152,-1
4024,4,30,100,23,13,5,34595.46908,35024938.56,2359,64,47,176,-17
4605,4,6,105,16,13,4,21407.01586,27439113.83,2574,38,47,124,9
4025,4,33,103,23,13,5,13807.40487,8810198.231,388,10,13,40,3
4609,4,6,105,16,13,4,34118.07167,28410048.5,2025,45,29,111,-16
4026,4,33,103,16,13,5,38221.27975,53288251.99,165,2,2,4,0
4615,4,6,105,16,13,4,7217.885057,1764549.889,222,4,3,11,-1
4027,4,33,103,16,13,5,13592.84097,8674293.026,385,7,6,19,-1
4657,4,6,105,16,13,4,5216.682262,1228124.459,101,5,0,5,-5
4028,4,33,103,23,13,5,17531.36741,10988118.21,1114,31,24,87,-7
4604,4,6,105,16,13,4,53465.20376,73935666.79,3069,52,47,143,-5
4029,4,33,100,23,13,5,6924.828994,2491351.234,22,1,1,2,0
4644,4,24,105,16,11,4,87487.81721,232622161.4,179,2,3,7,1
4030,4,33,100,23,13,5,18884.73709,19283523.22,24,0,3,3,3
4673,4,24,105,16,11,4,20861.15688,23105903.19,0,0,0,0,0
4031,4,33,100,23,13,5,27997.43302,22759709.84,2406,94,66,234,-28
4674,4,24,105,16,13,4,7524.223369,372713.4864,0,0,0,0,0
4033,4,30,100,23,13,5,50608.85465,88409753.52,2136,40,47,137,7
4035,4,30,100,23,13,5,17360.26613,15139135.63,1250,60,94,199,34
4126,4,24,108,12,12,5,16120.52501,12732224.23,1579,21,120,147,99
4036,4,33,100,23,13,5,14654.81268,7887381.777,898,30,17,73,-13
4127,4,24,108,12,12,5,17364.319,17697201.55,509,10,21,35,11
4037,4,33,100,23,13,5,6293.912578,1710338.596,189,5,10,20,5
4128,4,24,108,12,12,5,21306.71998,29172594.03,1360,21,69,104,48
4038,4,30,100,23,13,5,21209.16171,20723224.19,2109,114,88,285,-26
4129,4,24,108,12,12,5,21995.38191,20336575.72,1759,23,66,101,43
4039,4,30,110,23,13,1,12034.76361,7919326.006,685,27,14,62,-13
4099,4,24,108,16,12,5,22302.20601,16256217.66,1308,22,66,106,44
4040,4,30,100,23,13,1,10550.10175,6601199.642,820,41,16,90,-25
4041,4,30,100,23,13,1,17077.33789,6879011.19,663,23,23,62,0
4130,4,24,108,16,12,5,19315.14707,14344952.07,1718,36,126,181,90
4043,4,33,100,23,13,5,11461.459,8355300.797,1313,47,27,123,-20
4131,4,30,100,16,13,5,12074.26384,4512877.279,1763,46,68,156,22
4044,4,33,110,23,13,5,13999.53527,11007329.67,1203,23,17,67,-6
4046,4,33,110,23,13,1,17825.57209,11395826.97,1340,46,24,95,-22
4047,4,30,110,23,13,1,13303.81102,8775896.362,935,35,26,83,-9
4048,4,30,110,23,13,1,3242.797546,512539.7151,0,0,0,0,0
4100,4,30,100,23,13,5,6079.734421,1279421.629,24,0,2,3,2
4049,4,30,111,23,13,1,29668.13192,29055990.98,0,0,0,0,0
4050,4,30,111,23,13,1,45488.72343,83483529.92,4253,245,189,615,-56
4051,4,30,104,23,13,1,37855.22368,41804231.9,0,0,0,0,0
4135,4,30,100,23,13,5,18678.3817,14429779.28,1774,37,53,123,16
4052,4,30,111,23,13,1,74577.60312,249637115.6,4150,161,127,443,-34
4053,4,33,104,23,13,1,51103.03128,54764304.61,481,19,11,40,-8
4054,4,33,104,16,13,5,9726.583796,3983499.397,556,6,3,21,-3
4117,4,30,100,23,13,5,25641.37797,36703776.06,159,1,1,2,0
4055,4,33,104,23,13,5,28497.80369,26081112.53,2729,73,55,196,-18
4056,4,33,100,23,13,5,26652.0857,41455349.23,2884,93,66,240,-27
4057,4,33,100,23,13,5,18885.04552,19806259.02,1688,58,51,153,-7
4058,4,33,100,23,13,5,14134.72556,7635147.558,1023,37,21,86,-16
4059,4,33,104,23,13,4,12070.29835,5608242.695,416,6,7,16,1
4119,4,30,103,16,13,5,33281.82153,58536198.05,0,0,0,0,0
4060,4,33,104,16,13,5,52971.47434,123044175.3,2724,57,42,156,-15
4061,4,33,104,16,13,5,16881.17161,16806616.09,2535,47,39,138,-8
4079,4,30,103,23,13,5,32229.25695,34415000.31,3863,199,464,803,265
4062,4,33,104,16,13,5,16391.15924,14335930.53,2018,29,26,90,-3
4080,4,30,103,23,13,5,14982.89274,13274656.41,691,19,77,112,58
4063,4,33,100,23,13,5,22092.79066,22700064.6,3002,92,117,280,25
4116,4,30,103,23,13,5,20851.726,9029691.245,0,0,0,0,0
4065,4,33,103,16,13,5,28077.38409,44375830.38,814,13,6,31,-7
4066,4,33,104,16,13,5,28111.07486,18564330.16,1295,14,13,42,-1
4067,4,33,104,16,13,5,19357.01894,17609675.34,2138,62,47,143,-15
4541,4,30,104,23,13,4,1762.74926,184856.1578,0,0,0,0,0
4068,4,33,104,16,13,5,14805.42422,12810851.21,2052,56,65,152,9
4509,4,30,104,23,13,4,21315.97367,15982544.75,1653,26,24,71,-2
4069,4,33,104,16,13,5,21366.02567,24430055.03,3122,81,90,245,9
4505,4,30,104,23,13,4,20230.06163,18412346.83,2196,52,57,142,5
4070,4,33,104,23,13,5,16307.03223,15022090.02,1701,39,26,102,-13
4141,4,30,104,23,13,5,4298.223789,946492.5486,134,11,13,30,2
4071,4,33,104,23,13,5,13606.22056,9779069.444,373,6,6,18,0
4538,4,30,104,23,13,4,13524.04986,7142617.438,957,9,15,44,6
4072,4,33,104,23,13,5,11400.09336,6547911.686,335,6,6,17,0
4504,4,30,104,23,13,4,18349.06282,10148517.46,1449,37,25,95,-12
4073,4,33,104,16,13,5,14064.36661,12112305.9,1557,75,96,213,21
4536,4,30,104,23,13,4,4085.707999,522704.3327,0,0,0,0,0
4074,4,33,104,23,13,5,17857.79467,17760130.77,2705,113,206,413,93
4122,4,30,104,23,13,1,8514.746546,4069231.991,0,0,0,0,0
4075,4,33,104,23,13,5,13533.46455,10396523.1,1290,32,31,86,-1
4525,4,30,104,23,13,4,14440.99816,9798483.941,1517,31,24,83,-7
4076,4,33,103,16,13,5,44752.77889,82293422.69,3056,80,76,226,-4
4520,4,30,104,23,13,4,12165.96926,8414827.004,1069,28,26,72,-2
4077,4,33,103,23,13,5,12719.25152,5287211.04,1030,61,73,168,12
4112,4,30,104,23,13,5,29415.01456,46195278.7,0,0,0,0,0
4078,4,33,104,23,13,5,15708.09729,10410656.33,1916,59,86,214,27
4115,4,30,104,23,13,5,12091.88638,4067122.456,329,18,29,58,11
4506,4,30,104,23,13,4,17249.01257,12652795.49,1548,25,27,71,2
4081,4,33,103,16,13,5,47773.30909,76456998.06,3754,64,39,167,-25
4521,4,30,104,23,13,4,38580.20814,52778306.76,4344,132,125,373,-7
4082,4,33,103,23,13,5,21866.06725,15303119.88,1770,56,45,159,-11
4503,4,30,104,23,13,4,45024.42608,77630074.61,4833,176,96,396,-80
4083,4,33,103,23,13,5,23720.05144,17476032.18,1377,32,32,106,0
4539,4,30,104,23,13,4,9073.889186,463020.0406,0,0,0,0,0
4084,4,33,103,23,13,5,14251.16216,5228310.884,667,14,11,40,-3
4085,4,33,103,23,13,5,15619.71763,11193790.47,1032,30,25,77,-5
4537,4,30,109,23,13,4,2008.12295,128292.1186,4,0,2,2,2
4086,4,33,103,16,13,5,71319.37459,185076093.8,3052,62,57,203,-5
4522,4,30,109,23,13,4,95730.77044,261091122.4,3981,134,112,374,-22
4087,4,33,103,16,13,5,41352.91153,45810570.3,1126,10,12,34,2
4523,4,30,109,23,13,4,43134.47798,87112955.92,606,30,35,111,5
4088,4,33,103,16,13,5,13384.64644,8486250.288,491,3,5,16,2
4143,4,30,110,23,13,1,9336.006632,2181004.831,142,4,2,8,-2
4090,4,33,104,23,13,5,6855.286417,1732508.167,97,0,0,2,0
4091,4,33,104,23,13,4,59035.62607,104771478.9,0,0,0,0,0
4092,4,33,103,16,12,5,5273.939801,1493384.162,173,7,8,19,1
4110,4,30,110,23,13,1,20538.97067,9990048.586,1014,48,29,116,-19
4093,4,30,111,23,13,1,4137.899147,833085.6173,93,8,2,11,-6
4094,4,33,103,12,12,5,20640.54039,9014267.421,503,11,14,41,3
4095,4,33,103,16,12,5,3176.397157,526324.634,51,2,3,5,1
4501,4,30,111,23,13,4,27658.61096,26601928.66,2397,67,65,196,-2
4096,4,33,103,12,12,5,3002.789379,300749.7194,0,0,0,0,0
4097,4,33,103,16,13,5,14181.77895,8880061.763,1019,27,37,96,10
4098,4,33,103,16,13,5,2920.926579,393599.2454,43,0,3,3,3
4528,4,30,111,23,13,4,2776.401699,363877.7275,0,0,0,0,0
4166,4,30,111,23,13,5,21252.12883,22031808.81,0,0,0,0,0
4145,4,30,111,23,13,1,10341.04133,5300953.744,0,0,0,0,0
4502,4,30,111,23,13,4,49252.82911,41730298.86,3659,146,114,378,-32
4500,4,30,111,23,13,4,24456.91461,31597929.63,2396,90,86,250,-4
4101,4,33,100,23,13,5,11420.9138,3201989.975,150,1,0,2,-1
4519,4,30,111,23,13,4,32964.27881,44501751.5,3273,156,117,418,-39
4107,4,33,100,23,13,5,10257.08244,2041049.035,137,5,5,12,0
4529,4,30,111,23,13,4,10593.93391,4051610.346,767,22,25,83,3
4108,4,33,110,23,13,1,3088.331881,460963.957,63,3,2,6,-1
4109,4,33,110,23,13,5,3504.504238,709556.1501,59,3,1,6,-2
4542,4,30,111,23,13,4,10726.29802,4721143.116,0,0,0,0,0
4111,4,33,104,23,13,1,13228.01842,5976557.642,350,2,5,10,3
4147,4,33,100,23,13,5,11755.20873,8846188.268,56,1,0,1,-1
4113,4,33,104,16,13,5,18616.43086,14761512.93,2203,40,30,95,-10
4114,4,33,104,16,13,5,14190.72692,12118660.36,1797,38,30,99,-8
4118,4,33,103,23,13,5,10489.63751,2245279.151,0,0,0,0,0
4120,4,33,103,16,13,5,9728.402251,5240871.323,788,6,6,19,0
4125,4,33,103,16,12,5,931.6596562,22699.4681,0,0,0,0,0
4149,4,33,103,16,13,5,8096.162279,2246418.482,57,0,2,3,2
4152,4,33,103,23,13,5,4912.39415,977683.6705,0,0,0,0,0
4153,4,33,103,23,13,5,7240.47894,779463.5991,223,8,3,17,-5
4675,4,33,103,16,13,4,8371.519113,3650403.632,144,0,0,3,0
4157,4,33,104,16,13,5,22881.98871,11056974.51,336,1,5,13,4
4161,4,30,111,23,13,1,38979.8338,41506352.09,978,18,25,74,7
4300,4,33,104,16,13,5,24933.29193,16220715.14,1563,36,15,79,-21
4507,4,33,104,23,13,4,35559.78822,54880443.11,1216,32,34,93,2
4508,4,33,104,23,13,4,16475.64141,12540900.35,696,10,4,21,-6
4510,4,33,104,23,13,4,23035.13349,23416652.05,2267,38,35,112,-3
4662,4,33,103,16,13,4,17578.60944,10432718.45,327,6,5,14,-1
4603,4,33,103,16,13,4,24367.47563,23727234.18,81,0,1,2,1
4515,4,33,104,16,13,4,37245.05289,37500765.9,2327,24,22,68,-2
4516,4,33,104,16,13,4,34684.30965,42512169.81,0,0,0,0,0
4527,4,33,104,16,13,4,79938.48785,201869747.8,1846,19,14,40,-5
4530,4,33,104,23,13,4,7665.777844,3375731.693,374,6,4,15,-2
4531,4,33,104,23,13,4,13863.34604,6289130.812,606,7,4,20,-3
4532,4,33,104,23,13,4,16226.2751,3106403.576,344,2,7,15,5
4533,4,33,104,23,13,4,22722.7653,17384571.63,1095,15,14,48,-1
4534,4,33,104,23,13,4,4559.781279,786959.2975,102,1,1,2,0
4535,4,33,104,23,13,4,14818.67508,6536431.908,935,26,13,56,-13
4554,4,33,104,23,13,4,4535.481656,483689.8924,61,3,0,5,-3
4555,4,33,104,23,13,4,11959.33514,3279333.934,40,1,0,2,-1
4557,4,33,105,16,13,4,2424.090812,187797.4057,0,0,0,0,0
4558,4,33,105,16,13,4,1618.923737,106756.3344,0,0,0,0,0
4559,4,33,105,16,13,4,4919.627987,719391.5419,0,0,0,0,0
4607,4,33,105,16,13,4,35057.45135,36117915.12,1917,34,15,77,-19
4608,4,33,105,16,13,4,35751.72718,66316076.73,3701,72,80,230,8
4613,4,33,105,16,13,4,20353.97695,12731837.38,833,13,10,33,-3
4616,4,33,105,16,13,4,23278.53717,14859912.8,1338,15,19,55,4
4677,4,33,105,16,11,4,20138.85662,10934334.96,587,4,8,17,4
4678,4,33,105,16,11,4,12488.07252,8668372.724,173,6,2,10,-4
4661,4,33,105,16,11,4,16427.65341,9340914.573,975,12,12,39,0
4621,4,33,105,16,11,4,28520.25299,42492834.7,3678,59,52,154,-7
4640,4,33,105,16,11,4,18406.28518,19134108.82,688,10,7,25,-3
4632,4,33,105,16,11,4,71613.02366,84565612.01,1944,34,25,92,-9
4628,4,33,105,16,11,4,18961.49079,19135826.73,2204,47,23,121,-24
4633,4,33,105,16,11,4,13793.28085,9655729.372,1140,14,13,48,-1
4652,4,33,105,16,13,4,14795.31757,10473206.69,873,5,11,32,6
4656,4,33,105,16,13,4,8717.351981,3262067.726,153,0,3,6,3
4651,4,33,105,16,13,4,16163.22995,14633306.59,77,0,0,2,0
20A8,2,24,115,12,12,3,8271.398636,660799.7264,0,0,0,0,0
29A1,2,32,115,12,14,5,15100.75968,722618.1659,0,0,0,0,0
30A6,3,30,100,23,13,1,10445.16833,223166.7644,0,0,0,0,0
30T6,3,30,104,23,13,5,4993.678389,1376398.157,0,0,0,0,0
30A4,3,30,109,16,9,1,2775.444956,486408.3807,0,0,0,0,0
30T4,3,30,109,16,9,1,5135.281265,1149266.808,0,0,0,0,0
32A0,3,30,109,23,13,1,2522.689568,143423.3473,0,0,0,0,0
32T0,3,30,109,23,13,1,3219.799862,217242.4427,0,0,0,0,0
32A1,3,30,109,23,13,1,1028.59915,36858.03111,0,0,0,0,0
32T1,3,30,109,23,13,1,775.1864679,13074.4416,0,0,0,0,0
32C1,3,30,109,23,13,1,1656.793118,28898.33081,0,0,0,0,0
31A4,3,30,111,23,13,4,5970.702779,569516.7047,0,0,0,0,0
31A5,3,30,111,23,13,4,1472.002808,97131.2057,0,0,0,0,0
30C4,3,30,114,23,13,5,1815.621259,53952.28647,0,0,0,0,0
41A1,4,6,103,16,11,5,2556.207258,371521.5981,0,0,0,0,0
4646,4,6,103,16,13,4,47041.6233,86287680.43,,,,,
4639,4,6,105,16,11,4,16789.64421,7613302.589,,,,,
40A3,4,30,114,23,13,5,8221.351886,763596.0218,0,0,0,0,0
4648,4,33,105,16,11,4,11886.17957,9136923.128,,,,,
40A2,4,33,108,16,13,5,2642.772742,56454.86976,0,0,0,0,0
